{
  "project_info": {
    "project_number": "631946154635",
    "project_id": "rasd-d3906",
    "storage_bucket": "rasd-d3906.appspot.com"
  },
  "client": [
    {
      "client_info": {
        "mobilesdk_app_id": "1:631946154635:android:57200f3f24d236d430fa8e",
        "android_client_info": {
          "package_name": "com.example.rasd"
        }
      },
      "oauth_client": [
        {
          "client_id": "631946154635-kjssfbv2a9b8b2hckm9mcjl5uchseabb.apps.googleusercontent.com",
          "client_type": 3
        }
      ],
      "api_key": [
        {
          "current_key": "AIzaSyAN6rb8AKV_qMYknz38SVBZPcp3DGYWzzs"
        }
      ],
      "services": {
        "appinvite_service": {
          "other_platform_oauth_client": [
            {
              "client_id": "631946154635-kjssfbv2a9b8b2hckm9mcjl5uchseabb.apps.googleusercontent.com",
              "client_type": 3
            }
          ]
        }
      }
    }
  ],
  "configuration_version": "1"
}